name,tag,date,time,detail
花火大会,['花火大会'],2025-10-04,17:01:00,
祭り,['祭り'],2025-10-11,18:00:00,美しい花火

コンサート,['コンサート'],2025-10-18,12:00:00,楽しい

test,['花火大会'],2025-10-04,18:04:00,test

aa,['コンサート'],2025-10-04,18:27:00,aa

花火大会2,['コンサート'],2025-10-05,09:34:00,花火だよ

test2,['コンサート'],2025-10-05,09:35:00,

test3,['花火大会'],2025-10-05,10:50:00,
test4,['祭り'],2025-10-05,10:50:00,
test5,['コンサート'],2025-10-05,10:51:00,
test6,['花火大会'],2025-10-05,10:52:00,
test7,['花火大会'],2025-10-05,10:54:00,
test8,['祭り'],2025-10-05,11:01:00,
花火大会3,['花火大会'],2025-10-05,11:05:00,
